TITULO,TIPO,ID,FULL_NAME,LAST_NAME,CITADO,CITY,STATE,RESUME,UPDATE,ADDRESS_ENTERP,ORCID
KNoT Network of Things,PRODUCAO_TECNICA_APRESENTACAO_DE_TRABALHO_CONFERENCIA,0266043277510432,Tiago Guedes Ferreira Barros,Barros,"BARROS, T.;BARROS, TIAGO;BARROS, T. G. F.;BARROS, TIAGO G. F.",Recife,PE,"Tiago Barros é o Engenheiro Chefe de IoT no CESAR, responsável pela coordenação do Grupo de Pesquisa em IoT e por projetar e implementar a meta-plataforma KNoT Network of Things. Tiago é o representante do CESAR na Comissão Brasileira de Comunicações (CBC 3) da ANATEL que lida com a padronização das telecomunicações no Brasil, sendo responsável por redigir recomendações para a Comissão de Estudos 20 da ITU-T que trata de Internet das Coisas, comunidades e cidades inteligentes. Tiago Barros também é professor convidado do curso de pós-graduação em arquitetura de software para dispositivos móveis da UFPE / CIn / Motorola há mais de 15 anos. Ele também leciona disciplinas de prototipação eletrônica nos cursos de Ciência da Computação e Mestrado em Design no CESAR e na UFPE desde 2009. Em 2016, Tiago começou uma das primeiras especializações em IoT do país, na CESAR.School, sendo o coordenador responsável por definir toda a parte pedagógica, disciplinas e conteúdos do curso. Tiago possui mestrado em Ciência da Computação (UFPE-2007), B.Sc. em Ciência da Computação (UFPE-2003) e Técnico em Eletrônica (ETFPE-1998), com mais de 24 anos de experiência em desenvolvimento de software, com ênfase em Internet das Coisas, sistemas embarcados de tempo real, arquitetura de software e protocolos de comunicação.",16-09-2022,Centro de Estudos e Sistemas Avançados do Recife,
Hackathon KNoT,Apresentação de trabalho(Outra),0266043277510432,Tiago Guedes Ferreira Barros,Barros,"BARROS, T.;BARROS, TIAGO;BARROS, T. G. F.;BARROS, TIAGO G. F.",Recife,PE,"Tiago Barros é o Engenheiro Chefe de IoT no CESAR, responsável pela coordenação do Grupo de Pesquisa em IoT e por projetar e implementar a meta-plataforma KNoT Network of Things. Tiago é o representante do CESAR na Comissão Brasileira de Comunicações (CBC 3) da ANATEL que lida com a padronização das telecomunicações no Brasil, sendo responsável por redigir recomendações para a Comissão de Estudos 20 da ITU-T que trata de Internet das Coisas, comunidades e cidades inteligentes. Tiago Barros também é professor convidado do curso de pós-graduação em arquitetura de software para dispositivos móveis da UFPE / CIn / Motorola há mais de 15 anos. Ele também leciona disciplinas de prototipação eletrônica nos cursos de Ciência da Computação e Mestrado em Design no CESAR e na UFPE desde 2009. Em 2016, Tiago começou uma das primeiras especializações em IoT do país, na CESAR.School, sendo o coordenador responsável por definir toda a parte pedagógica, disciplinas e conteúdos do curso. Tiago possui mestrado em Ciência da Computação (UFPE-2007), B.Sc. em Ciência da Computação (UFPE-2003) e Técnico em Eletrônica (ETFPE-1998), com mais de 24 anos de experiência em desenvolvimento de software, com ênfase em Internet das Coisas, sistemas embarcados de tempo real, arquitetura de software e protocolos de comunicação.",16-09-2022,Centro de Estudos e Sistemas Avançados do Recife,
O que Falta na Internet para as Coisas?,PRODUCAO_TECNICA_APRESENTACAO_DE_TRABALHO_CONFERENCIA,0266043277510432,Tiago Guedes Ferreira Barros,Barros,"BARROS, T.;BARROS, TIAGO;BARROS, T. G. F.;BARROS, TIAGO G. F.",Recife,PE,"Tiago Barros é o Engenheiro Chefe de IoT no CESAR, responsável pela coordenação do Grupo de Pesquisa em IoT e por projetar e implementar a meta-plataforma KNoT Network of Things. Tiago é o representante do CESAR na Comissão Brasileira de Comunicações (CBC 3) da ANATEL que lida com a padronização das telecomunicações no Brasil, sendo responsável por redigir recomendações para a Comissão de Estudos 20 da ITU-T que trata de Internet das Coisas, comunidades e cidades inteligentes. Tiago Barros também é professor convidado do curso de pós-graduação em arquitetura de software para dispositivos móveis da UFPE / CIn / Motorola há mais de 15 anos. Ele também leciona disciplinas de prototipação eletrônica nos cursos de Ciência da Computação e Mestrado em Design no CESAR e na UFPE desde 2009. Em 2016, Tiago começou uma das primeiras especializações em IoT do país, na CESAR.School, sendo o coordenador responsável por definir toda a parte pedagógica, disciplinas e conteúdos do curso. Tiago possui mestrado em Ciência da Computação (UFPE-2007), B.Sc. em Ciência da Computação (UFPE-2003) e Técnico em Eletrônica (ETFPE-1998), com mais de 24 anos de experiência em desenvolvimento de software, com ênfase em Internet das Coisas, sistemas embarcados de tempo real, arquitetura de software e protocolos de comunicação.",16-09-2022,Centro de Estudos e Sistemas Avançados do Recife,
Painel Internet das Coisas,PRODUCAO_TECNICA_APRESENTACAO_DE_TRABALHO_CONFERENCIA,0266043277510432,Tiago Guedes Ferreira Barros,Barros,"BARROS, T.;BARROS, TIAGO;BARROS, T. G. F.;BARROS, TIAGO G. F.",Recife,PE,"Tiago Barros é o Engenheiro Chefe de IoT no CESAR, responsável pela coordenação do Grupo de Pesquisa em IoT e por projetar e implementar a meta-plataforma KNoT Network of Things. Tiago é o representante do CESAR na Comissão Brasileira de Comunicações (CBC 3) da ANATEL que lida com a padronização das telecomunicações no Brasil, sendo responsável por redigir recomendações para a Comissão de Estudos 20 da ITU-T que trata de Internet das Coisas, comunidades e cidades inteligentes. Tiago Barros também é professor convidado do curso de pós-graduação em arquitetura de software para dispositivos móveis da UFPE / CIn / Motorola há mais de 15 anos. Ele também leciona disciplinas de prototipação eletrônica nos cursos de Ciência da Computação e Mestrado em Design no CESAR e na UFPE desde 2009. Em 2016, Tiago começou uma das primeiras especializações em IoT do país, na CESAR.School, sendo o coordenador responsável por definir toda a parte pedagógica, disciplinas e conteúdos do curso. Tiago possui mestrado em Ciência da Computação (UFPE-2007), B.Sc. em Ciência da Computação (UFPE-2003) e Técnico em Eletrônica (ETFPE-1998), com mais de 24 anos de experiência em desenvolvimento de software, com ênfase em Internet das Coisas, sistemas embarcados de tempo real, arquitetura de software e protocolos de comunicação.",16-09-2022,Centro de Estudos e Sistemas Avançados do Recife,
O que falta na Internet para as coisas?,PRODUCAO_TECNICA_APRESENTACAO_DE_TRABALHO_CONFERENCIA,0266043277510432,Tiago Guedes Ferreira Barros,Barros,"BARROS, T.;BARROS, TIAGO;BARROS, T. G. F.;BARROS, TIAGO G. F.",Recife,PE,"Tiago Barros é o Engenheiro Chefe de IoT no CESAR, responsável pela coordenação do Grupo de Pesquisa em IoT e por projetar e implementar a meta-plataforma KNoT Network of Things. Tiago é o representante do CESAR na Comissão Brasileira de Comunicações (CBC 3) da ANATEL que lida com a padronização das telecomunicações no Brasil, sendo responsável por redigir recomendações para a Comissão de Estudos 20 da ITU-T que trata de Internet das Coisas, comunidades e cidades inteligentes. Tiago Barros também é professor convidado do curso de pós-graduação em arquitetura de software para dispositivos móveis da UFPE / CIn / Motorola há mais de 15 anos. Ele também leciona disciplinas de prototipação eletrônica nos cursos de Ciência da Computação e Mestrado em Design no CESAR e na UFPE desde 2009. Em 2016, Tiago começou uma das primeiras especializações em IoT do país, na CESAR.School, sendo o coordenador responsável por definir toda a parte pedagógica, disciplinas e conteúdos do curso. Tiago possui mestrado em Ciência da Computação (UFPE-2007), B.Sc. em Ciência da Computação (UFPE-2003) e Técnico em Eletrônica (ETFPE-1998), com mais de 24 anos de experiência em desenvolvimento de software, com ênfase em Internet das Coisas, sistemas embarcados de tempo real, arquitetura de software e protocolos de comunicação.",16-09-2022,Centro de Estudos e Sistemas Avançados do Recife,
Desafios da Internet Das Coisas - Palestra de abertura,PRODUCAO_TECNICA_APRESENTACAO_DE_TRABALHO_CONFERENCIA,0266043277510432,Tiago Guedes Ferreira Barros,Barros,"BARROS, T.;BARROS, TIAGO;BARROS, T. G. F.;BARROS, TIAGO G. F.",Recife,PE,"Tiago Barros é o Engenheiro Chefe de IoT no CESAR, responsável pela coordenação do Grupo de Pesquisa em IoT e por projetar e implementar a meta-plataforma KNoT Network of Things. Tiago é o representante do CESAR na Comissão Brasileira de Comunicações (CBC 3) da ANATEL que lida com a padronização das telecomunicações no Brasil, sendo responsável por redigir recomendações para a Comissão de Estudos 20 da ITU-T que trata de Internet das Coisas, comunidades e cidades inteligentes. Tiago Barros também é professor convidado do curso de pós-graduação em arquitetura de software para dispositivos móveis da UFPE / CIn / Motorola há mais de 15 anos. Ele também leciona disciplinas de prototipação eletrônica nos cursos de Ciência da Computação e Mestrado em Design no CESAR e na UFPE desde 2009. Em 2016, Tiago começou uma das primeiras especializações em IoT do país, na CESAR.School, sendo o coordenador responsável por definir toda a parte pedagógica, disciplinas e conteúdos do curso. Tiago possui mestrado em Ciência da Computação (UFPE-2007), B.Sc. em Ciência da Computação (UFPE-2003) e Técnico em Eletrônica (ETFPE-1998), com mais de 24 anos de experiência em desenvolvimento de software, com ênfase em Internet das Coisas, sistemas embarcados de tempo real, arquitetura de software e protocolos de comunicação.",16-09-2022,Centro de Estudos e Sistemas Avançados do Recife,
Internet das coisas na prática,PRODUCAO_TECNICA_APRESENTACAO_DE_TRABALHO_CONFERENCIA,0266043277510432,Tiago Guedes Ferreira Barros,Barros,"BARROS, T.;BARROS, TIAGO;BARROS, T. G. F.;BARROS, TIAGO G. F.",Recife,PE,"Tiago Barros é o Engenheiro Chefe de IoT no CESAR, responsável pela coordenação do Grupo de Pesquisa em IoT e por projetar e implementar a meta-plataforma KNoT Network of Things. Tiago é o representante do CESAR na Comissão Brasileira de Comunicações (CBC 3) da ANATEL que lida com a padronização das telecomunicações no Brasil, sendo responsável por redigir recomendações para a Comissão de Estudos 20 da ITU-T que trata de Internet das Coisas, comunidades e cidades inteligentes. Tiago Barros também é professor convidado do curso de pós-graduação em arquitetura de software para dispositivos móveis da UFPE / CIn / Motorola há mais de 15 anos. Ele também leciona disciplinas de prototipação eletrônica nos cursos de Ciência da Computação e Mestrado em Design no CESAR e na UFPE desde 2009. Em 2016, Tiago começou uma das primeiras especializações em IoT do país, na CESAR.School, sendo o coordenador responsável por definir toda a parte pedagógica, disciplinas e conteúdos do curso. Tiago possui mestrado em Ciência da Computação (UFPE-2007), B.Sc. em Ciência da Computação (UFPE-2003) e Técnico em Eletrônica (ETFPE-1998), com mais de 24 anos de experiência em desenvolvimento de software, com ênfase em Internet das Coisas, sistemas embarcados de tempo real, arquitetura de software e protocolos de comunicação.",16-09-2022,Centro de Estudos e Sistemas Avançados do Recife,
Desenvolvimento de soluções IOT,PRODUCAO_TECNICA_APRESENTACAO_DE_TRABALHO_CONFERENCIA,0266043277510432,Tiago Guedes Ferreira Barros,Barros,"BARROS, T.;BARROS, TIAGO;BARROS, T. G. F.;BARROS, TIAGO G. F.",Recife,PE,"Tiago Barros é o Engenheiro Chefe de IoT no CESAR, responsável pela coordenação do Grupo de Pesquisa em IoT e por projetar e implementar a meta-plataforma KNoT Network of Things. Tiago é o representante do CESAR na Comissão Brasileira de Comunicações (CBC 3) da ANATEL que lida com a padronização das telecomunicações no Brasil, sendo responsável por redigir recomendações para a Comissão de Estudos 20 da ITU-T que trata de Internet das Coisas, comunidades e cidades inteligentes. Tiago Barros também é professor convidado do curso de pós-graduação em arquitetura de software para dispositivos móveis da UFPE / CIn / Motorola há mais de 15 anos. Ele também leciona disciplinas de prototipação eletrônica nos cursos de Ciência da Computação e Mestrado em Design no CESAR e na UFPE desde 2009. Em 2016, Tiago começou uma das primeiras especializações em IoT do país, na CESAR.School, sendo o coordenador responsável por definir toda a parte pedagógica, disciplinas e conteúdos do curso. Tiago possui mestrado em Ciência da Computação (UFPE-2007), B.Sc. em Ciência da Computação (UFPE-2003) e Técnico em Eletrônica (ETFPE-1998), com mais de 24 anos de experiência em desenvolvimento de software, com ênfase em Internet das Coisas, sistemas embarcados de tempo real, arquitetura de software e protocolos de comunicação.",16-09-2022,Centro de Estudos e Sistemas Avançados do Recife,
Internet das Coisas,PRODUCAO_TECNICA_APRESENTACAO_DE_TRABALHO_CONFERENCIA,0266043277510432,Tiago Guedes Ferreira Barros,Barros,"BARROS, T.;BARROS, TIAGO;BARROS, T. G. F.;BARROS, TIAGO G. F.",Recife,PE,"Tiago Barros é o Engenheiro Chefe de IoT no CESAR, responsável pela coordenação do Grupo de Pesquisa em IoT e por projetar e implementar a meta-plataforma KNoT Network of Things. Tiago é o representante do CESAR na Comissão Brasileira de Comunicações (CBC 3) da ANATEL que lida com a padronização das telecomunicações no Brasil, sendo responsável por redigir recomendações para a Comissão de Estudos 20 da ITU-T que trata de Internet das Coisas, comunidades e cidades inteligentes. Tiago Barros também é professor convidado do curso de pós-graduação em arquitetura de software para dispositivos móveis da UFPE / CIn / Motorola há mais de 15 anos. Ele também leciona disciplinas de prototipação eletrônica nos cursos de Ciência da Computação e Mestrado em Design no CESAR e na UFPE desde 2009. Em 2016, Tiago começou uma das primeiras especializações em IoT do país, na CESAR.School, sendo o coordenador responsável por definir toda a parte pedagógica, disciplinas e conteúdos do curso. Tiago possui mestrado em Ciência da Computação (UFPE-2007), B.Sc. em Ciência da Computação (UFPE-2003) e Técnico em Eletrônica (ETFPE-1998), com mais de 24 anos de experiência em desenvolvimento de software, com ênfase em Internet das Coisas, sistemas embarcados de tempo real, arquitetura de software e protocolos de comunicação.",16-09-2022,Centro de Estudos e Sistemas Avançados do Recife,
Getting the carrier and non-carrier networks ready for IoT - What are we all doing to implement IoT fully and commercially in Latin America?,PRODUCAO_TECNICA_APRESENTACAO_DE_TRABALHO_CONFERENCIA,0266043277510432,Tiago Guedes Ferreira Barros,Barros,"BARROS, T.;BARROS, TIAGO;BARROS, T. G. F.;BARROS, TIAGO G. F.",Recife,PE,"Tiago Barros é o Engenheiro Chefe de IoT no CESAR, responsável pela coordenação do Grupo de Pesquisa em IoT e por projetar e implementar a meta-plataforma KNoT Network of Things. Tiago é o representante do CESAR na Comissão Brasileira de Comunicações (CBC 3) da ANATEL que lida com a padronização das telecomunicações no Brasil, sendo responsável por redigir recomendações para a Comissão de Estudos 20 da ITU-T que trata de Internet das Coisas, comunidades e cidades inteligentes. Tiago Barros também é professor convidado do curso de pós-graduação em arquitetura de software para dispositivos móveis da UFPE / CIn / Motorola há mais de 15 anos. Ele também leciona disciplinas de prototipação eletrônica nos cursos de Ciência da Computação e Mestrado em Design no CESAR e na UFPE desde 2009. Em 2016, Tiago começou uma das primeiras especializações em IoT do país, na CESAR.School, sendo o coordenador responsável por definir toda a parte pedagógica, disciplinas e conteúdos do curso. Tiago possui mestrado em Ciência da Computação (UFPE-2007), B.Sc. em Ciência da Computação (UFPE-2003) e Técnico em Eletrônica (ETFPE-1998), com mais de 24 anos de experiência em desenvolvimento de software, com ênfase em Internet das Coisas, sistemas embarcados de tempo real, arquitetura de software e protocolos de comunicação.",16-09-2022,Centro de Estudos e Sistemas Avançados do Recife,
IoT e o impacto nos negócios,PRODUCAO_TECNICA_APRESENTACAO_DE_TRABALHO_CONFERENCIA,0266043277510432,Tiago Guedes Ferreira Barros,Barros,"BARROS, T.;BARROS, TIAGO;BARROS, T. G. F.;BARROS, TIAGO G. F.",Recife,PE,"Tiago Barros é o Engenheiro Chefe de IoT no CESAR, responsável pela coordenação do Grupo de Pesquisa em IoT e por projetar e implementar a meta-plataforma KNoT Network of Things. Tiago é o representante do CESAR na Comissão Brasileira de Comunicações (CBC 3) da ANATEL que lida com a padronização das telecomunicações no Brasil, sendo responsável por redigir recomendações para a Comissão de Estudos 20 da ITU-T que trata de Internet das Coisas, comunidades e cidades inteligentes. Tiago Barros também é professor convidado do curso de pós-graduação em arquitetura de software para dispositivos móveis da UFPE / CIn / Motorola há mais de 15 anos. Ele também leciona disciplinas de prototipação eletrônica nos cursos de Ciência da Computação e Mestrado em Design no CESAR e na UFPE desde 2009. Em 2016, Tiago começou uma das primeiras especializações em IoT do país, na CESAR.School, sendo o coordenador responsável por definir toda a parte pedagógica, disciplinas e conteúdos do curso. Tiago possui mestrado em Ciência da Computação (UFPE-2007), B.Sc. em Ciência da Computação (UFPE-2003) e Técnico em Eletrônica (ETFPE-1998), com mais de 24 anos de experiência em desenvolvimento de software, com ênfase em Internet das Coisas, sistemas embarcados de tempo real, arquitetura de software e protocolos de comunicação.",16-09-2022,Centro de Estudos e Sistemas Avançados do Recife,
KNoT - Uma plataforma de IoT Interoperável para o Brasil,PRODUCAO_TECNICA_APRESENTACAO_DE_TRABALHO_CONFERENCIA,0266043277510432,Tiago Guedes Ferreira Barros,Barros,"BARROS, T.;BARROS, TIAGO;BARROS, T. G. F.;BARROS, TIAGO G. F.",Recife,PE,"Tiago Barros é o Engenheiro Chefe de IoT no CESAR, responsável pela coordenação do Grupo de Pesquisa em IoT e por projetar e implementar a meta-plataforma KNoT Network of Things. Tiago é o representante do CESAR na Comissão Brasileira de Comunicações (CBC 3) da ANATEL que lida com a padronização das telecomunicações no Brasil, sendo responsável por redigir recomendações para a Comissão de Estudos 20 da ITU-T que trata de Internet das Coisas, comunidades e cidades inteligentes. Tiago Barros também é professor convidado do curso de pós-graduação em arquitetura de software para dispositivos móveis da UFPE / CIn / Motorola há mais de 15 anos. Ele também leciona disciplinas de prototipação eletrônica nos cursos de Ciência da Computação e Mestrado em Design no CESAR e na UFPE desde 2009. Em 2016, Tiago começou uma das primeiras especializações em IoT do país, na CESAR.School, sendo o coordenador responsável por definir toda a parte pedagógica, disciplinas e conteúdos do curso. Tiago possui mestrado em Ciência da Computação (UFPE-2007), B.Sc. em Ciência da Computação (UFPE-2003) e Técnico em Eletrônica (ETFPE-1998), com mais de 24 anos de experiência em desenvolvimento de software, com ênfase em Internet das Coisas, sistemas embarcados de tempo real, arquitetura de software e protocolos de comunicação.",16-09-2022,Centro de Estudos e Sistemas Avançados do Recife,
KNoT Network of Things,PRODUCAO_TECNICA_APRESENTACAO_DE_TRABALHO_CONFERENCIA,0266043277510432,Tiago Guedes Ferreira Barros,Barros,"BARROS, T.;BARROS, TIAGO;BARROS, T. G. F.;BARROS, TIAGO G. F.",Recife,PE,"Tiago Barros é o Engenheiro Chefe de IoT no CESAR, responsável pela coordenação do Grupo de Pesquisa em IoT e por projetar e implementar a meta-plataforma KNoT Network of Things. Tiago é o representante do CESAR na Comissão Brasileira de Comunicações (CBC 3) da ANATEL que lida com a padronização das telecomunicações no Brasil, sendo responsável por redigir recomendações para a Comissão de Estudos 20 da ITU-T que trata de Internet das Coisas, comunidades e cidades inteligentes. Tiago Barros também é professor convidado do curso de pós-graduação em arquitetura de software para dispositivos móveis da UFPE / CIn / Motorola há mais de 15 anos. Ele também leciona disciplinas de prototipação eletrônica nos cursos de Ciência da Computação e Mestrado em Design no CESAR e na UFPE desde 2009. Em 2016, Tiago começou uma das primeiras especializações em IoT do país, na CESAR.School, sendo o coordenador responsável por definir toda a parte pedagógica, disciplinas e conteúdos do curso. Tiago possui mestrado em Ciência da Computação (UFPE-2007), B.Sc. em Ciência da Computação (UFPE-2003) e Técnico em Eletrônica (ETFPE-1998), com mais de 24 anos de experiência em desenvolvimento de software, com ênfase em Internet das Coisas, sistemas embarcados de tempo real, arquitetura de software e protocolos de comunicação.",16-09-2022,Centro de Estudos e Sistemas Avançados do Recife,
SISTEMA PARA HABILITAR A COMUNICAÇÃO VIA INTERNET DE MÚLTIPLOS DISPOSITIVOS ELETRÔNICOS COM PROTOCOLOS DE REDE DISTINTOS,Produção Tecnica,0266043277510432,Tiago Guedes Ferreira Barros,Barros,"BARROS, T.;BARROS, TIAGO;BARROS, T. G. F.;BARROS, TIAGO G. F.",Recife,PE,"Tiago Barros é o Engenheiro Chefe de IoT no CESAR, responsável pela coordenação do Grupo de Pesquisa em IoT e por projetar e implementar a meta-plataforma KNoT Network of Things. Tiago é o representante do CESAR na Comissão Brasileira de Comunicações (CBC 3) da ANATEL que lida com a padronização das telecomunicações no Brasil, sendo responsável por redigir recomendações para a Comissão de Estudos 20 da ITU-T que trata de Internet das Coisas, comunidades e cidades inteligentes. Tiago Barros também é professor convidado do curso de pós-graduação em arquitetura de software para dispositivos móveis da UFPE / CIn / Motorola há mais de 15 anos. Ele também leciona disciplinas de prototipação eletrônica nos cursos de Ciência da Computação e Mestrado em Design no CESAR e na UFPE desde 2009. Em 2016, Tiago começou uma das primeiras especializações em IoT do país, na CESAR.School, sendo o coordenador responsável por definir toda a parte pedagógica, disciplinas e conteúdos do curso. Tiago possui mestrado em Ciência da Computação (UFPE-2007), B.Sc. em Ciência da Computação (UFPE-2003) e Técnico em Eletrônica (ETFPE-1998), com mais de 24 anos de experiência em desenvolvimento de software, com ênfase em Internet das Coisas, sistemas embarcados de tempo real, arquitetura de software e protocolos de comunicação.",16-09-2022,Centro de Estudos e Sistemas Avançados do Recife,
Architectural reference model of devices for IoT applications,PRODUCAO_TECNICA_APRESENTACAO_DE_TRABALHO_CONFERENCIA,0266043277510432,Tiago Guedes Ferreira Barros,Barros,"BARROS, T.;BARROS, TIAGO;BARROS, T. G. F.;BARROS, TIAGO G. F.",Recife,PE,"Tiago Barros é o Engenheiro Chefe de IoT no CESAR, responsável pela coordenação do Grupo de Pesquisa em IoT e por projetar e implementar a meta-plataforma KNoT Network of Things. Tiago é o representante do CESAR na Comissão Brasileira de Comunicações (CBC 3) da ANATEL que lida com a padronização das telecomunicações no Brasil, sendo responsável por redigir recomendações para a Comissão de Estudos 20 da ITU-T que trata de Internet das Coisas, comunidades e cidades inteligentes. Tiago Barros também é professor convidado do curso de pós-graduação em arquitetura de software para dispositivos móveis da UFPE / CIn / Motorola há mais de 15 anos. Ele também leciona disciplinas de prototipação eletrônica nos cursos de Ciência da Computação e Mestrado em Design no CESAR e na UFPE desde 2009. Em 2016, Tiago começou uma das primeiras especializações em IoT do país, na CESAR.School, sendo o coordenador responsável por definir toda a parte pedagógica, disciplinas e conteúdos do curso. Tiago possui mestrado em Ciência da Computação (UFPE-2007), B.Sc. em Ciência da Computação (UFPE-2003) e Técnico em Eletrônica (ETFPE-1998), com mais de 24 anos de experiência em desenvolvimento de software, com ênfase em Internet das Coisas, sistemas embarcados de tempo real, arquitetura de software e protocolos de comunicação.",16-09-2022,Centro de Estudos e Sistemas Avançados do Recife,
StateMVC: Estendendo o padrão MVC para uso no desenvolvimento de aplicações para dispositivos móveis,Trabalho publicado em anais de eventos(Completo),0266043277510432,Tiago Guedes Ferreira Barros,Barros,"BARROS, T.;BARROS, TIAGO;BARROS, T. G. F.;BARROS, TIAGO G. F.",Recife,PE,"Tiago Barros é o Engenheiro Chefe de IoT no CESAR, responsável pela coordenação do Grupo de Pesquisa em IoT e por projetar e implementar a meta-plataforma KNoT Network of Things. Tiago é o representante do CESAR na Comissão Brasileira de Comunicações (CBC 3) da ANATEL que lida com a padronização das telecomunicações no Brasil, sendo responsável por redigir recomendações para a Comissão de Estudos 20 da ITU-T que trata de Internet das Coisas, comunidades e cidades inteligentes. Tiago Barros também é professor convidado do curso de pós-graduação em arquitetura de software para dispositivos móveis da UFPE / CIn / Motorola há mais de 15 anos. Ele também leciona disciplinas de prototipação eletrônica nos cursos de Ciência da Computação e Mestrado em Design no CESAR e na UFPE desde 2009. Em 2016, Tiago começou uma das primeiras especializações em IoT do país, na CESAR.School, sendo o coordenador responsável por definir toda a parte pedagógica, disciplinas e conteúdos do curso. Tiago possui mestrado em Ciência da Computação (UFPE-2007), B.Sc. em Ciência da Computação (UFPE-2003) e Técnico em Eletrônica (ETFPE-1998), com mais de 24 anos de experiência em desenvolvimento de software, com ênfase em Internet das Coisas, sistemas embarcados de tempo real, arquitetura de software e protocolos de comunicação.",16-09-2022,Centro de Estudos e Sistemas Avançados do Recife,
Gluon - An Eclipse Based BREW Development Environment,Participações em eventos(Congresso),0266043277510432,Tiago Guedes Ferreira Barros,Barros,"BARROS, T.;BARROS, TIAGO;BARROS, T. G. F.;BARROS, TIAGO G. F.",Recife,PE,"Tiago Barros é o Engenheiro Chefe de IoT no CESAR, responsável pela coordenação do Grupo de Pesquisa em IoT e por projetar e implementar a meta-plataforma KNoT Network of Things. Tiago é o representante do CESAR na Comissão Brasileira de Comunicações (CBC 3) da ANATEL que lida com a padronização das telecomunicações no Brasil, sendo responsável por redigir recomendações para a Comissão de Estudos 20 da ITU-T que trata de Internet das Coisas, comunidades e cidades inteligentes. Tiago Barros também é professor convidado do curso de pós-graduação em arquitetura de software para dispositivos móveis da UFPE / CIn / Motorola há mais de 15 anos. Ele também leciona disciplinas de prototipação eletrônica nos cursos de Ciência da Computação e Mestrado em Design no CESAR e na UFPE desde 2009. Em 2016, Tiago começou uma das primeiras especializações em IoT do país, na CESAR.School, sendo o coordenador responsável por definir toda a parte pedagógica, disciplinas e conteúdos do curso. Tiago possui mestrado em Ciência da Computação (UFPE-2007), B.Sc. em Ciência da Computação (UFPE-2003) e Técnico em Eletrônica (ETFPE-1998), com mais de 24 anos de experiência em desenvolvimento de software, com ênfase em Internet das Coisas, sistemas embarcados de tempo real, arquitetura de software e protocolos de comunicação.",16-09-2022,Centro de Estudos e Sistemas Avançados do Recife,
StateMVC: Estendendo o padrão MVC para uso no desenvolvimento de aplicações para dispositivos móveis,Participações em eventos(Congresso),0266043277510432,Tiago Guedes Ferreira Barros,Barros,"BARROS, T.;BARROS, TIAGO;BARROS, T. G. F.;BARROS, TIAGO G. F.",Recife,PE,"Tiago Barros é o Engenheiro Chefe de IoT no CESAR, responsável pela coordenação do Grupo de Pesquisa em IoT e por projetar e implementar a meta-plataforma KNoT Network of Things. Tiago é o representante do CESAR na Comissão Brasileira de Comunicações (CBC 3) da ANATEL que lida com a padronização das telecomunicações no Brasil, sendo responsável por redigir recomendações para a Comissão de Estudos 20 da ITU-T que trata de Internet das Coisas, comunidades e cidades inteligentes. Tiago Barros também é professor convidado do curso de pós-graduação em arquitetura de software para dispositivos móveis da UFPE / CIn / Motorola há mais de 15 anos. Ele também leciona disciplinas de prototipação eletrônica nos cursos de Ciência da Computação e Mestrado em Design no CESAR e na UFPE desde 2009. Em 2016, Tiago começou uma das primeiras especializações em IoT do país, na CESAR.School, sendo o coordenador responsável por definir toda a parte pedagógica, disciplinas e conteúdos do curso. Tiago possui mestrado em Ciência da Computação (UFPE-2007), B.Sc. em Ciência da Computação (UFPE-2003) e Técnico em Eletrônica (ETFPE-1998), com mais de 24 anos de experiência em desenvolvimento de software, com ênfase em Internet das Coisas, sistemas embarcados de tempo real, arquitetura de software e protocolos de comunicação.",16-09-2022,Centro de Estudos e Sistemas Avançados do Recife,
Gluon - An Eclipse Based BREW Development Environment,Software(Computacional),0266043277510432,Tiago Guedes Ferreira Barros,Barros,"BARROS, T.;BARROS, TIAGO;BARROS, T. G. F.;BARROS, TIAGO G. F.",Recife,PE,"Tiago Barros é o Engenheiro Chefe de IoT no CESAR, responsável pela coordenação do Grupo de Pesquisa em IoT e por projetar e implementar a meta-plataforma KNoT Network of Things. Tiago é o representante do CESAR na Comissão Brasileira de Comunicações (CBC 3) da ANATEL que lida com a padronização das telecomunicações no Brasil, sendo responsável por redigir recomendações para a Comissão de Estudos 20 da ITU-T que trata de Internet das Coisas, comunidades e cidades inteligentes. Tiago Barros também é professor convidado do curso de pós-graduação em arquitetura de software para dispositivos móveis da UFPE / CIn / Motorola há mais de 15 anos. Ele também leciona disciplinas de prototipação eletrônica nos cursos de Ciência da Computação e Mestrado em Design no CESAR e na UFPE desde 2009. Em 2016, Tiago começou uma das primeiras especializações em IoT do país, na CESAR.School, sendo o coordenador responsável por definir toda a parte pedagógica, disciplinas e conteúdos do curso. Tiago possui mestrado em Ciência da Computação (UFPE-2007), B.Sc. em Ciência da Computação (UFPE-2003) e Técnico em Eletrônica (ETFPE-1998), com mais de 24 anos de experiência em desenvolvimento de software, com ênfase em Internet das Coisas, sistemas embarcados de tempo real, arquitetura de software e protocolos de comunicação.",16-09-2022,Centro de Estudos e Sistemas Avançados do Recife,
CMF - Framework multi-plataforma para desenvolvimento de aplicações em dispositivos móveis,Software(Computacional),0266043277510432,Tiago Guedes Ferreira Barros,Barros,"BARROS, T.;BARROS, TIAGO;BARROS, T. G. F.;BARROS, TIAGO G. F.",Recife,PE,"Tiago Barros é o Engenheiro Chefe de IoT no CESAR, responsável pela coordenação do Grupo de Pesquisa em IoT e por projetar e implementar a meta-plataforma KNoT Network of Things. Tiago é o representante do CESAR na Comissão Brasileira de Comunicações (CBC 3) da ANATEL que lida com a padronização das telecomunicações no Brasil, sendo responsável por redigir recomendações para a Comissão de Estudos 20 da ITU-T que trata de Internet das Coisas, comunidades e cidades inteligentes. Tiago Barros também é professor convidado do curso de pós-graduação em arquitetura de software para dispositivos móveis da UFPE / CIn / Motorola há mais de 15 anos. Ele também leciona disciplinas de prototipação eletrônica nos cursos de Ciência da Computação e Mestrado em Design no CESAR e na UFPE desde 2009. Em 2016, Tiago começou uma das primeiras especializações em IoT do país, na CESAR.School, sendo o coordenador responsável por definir toda a parte pedagógica, disciplinas e conteúdos do curso. Tiago possui mestrado em Ciência da Computação (UFPE-2007), B.Sc. em Ciência da Computação (UFPE-2003) e Técnico em Eletrônica (ETFPE-1998), com mais de 24 anos de experiência em desenvolvimento de software, com ênfase em Internet das Coisas, sistemas embarcados de tempo real, arquitetura de software e protocolos de comunicação.",16-09-2022,Centro de Estudos e Sistemas Avançados do Recife,
Gluon - An Eclipse Based BREW Development Environment,PRODUCAO_TECNICA_APRESENTACAO_DE_TRABALHO_CONFERENCIA,0266043277510432,Tiago Guedes Ferreira Barros,Barros,"BARROS, T.;BARROS, TIAGO;BARROS, T. G. F.;BARROS, TIAGO G. F.",Recife,PE,"Tiago Barros é o Engenheiro Chefe de IoT no CESAR, responsável pela coordenação do Grupo de Pesquisa em IoT e por projetar e implementar a meta-plataforma KNoT Network of Things. Tiago é o representante do CESAR na Comissão Brasileira de Comunicações (CBC 3) da ANATEL que lida com a padronização das telecomunicações no Brasil, sendo responsável por redigir recomendações para a Comissão de Estudos 20 da ITU-T que trata de Internet das Coisas, comunidades e cidades inteligentes. Tiago Barros também é professor convidado do curso de pós-graduação em arquitetura de software para dispositivos móveis da UFPE / CIn / Motorola há mais de 15 anos. Ele também leciona disciplinas de prototipação eletrônica nos cursos de Ciência da Computação e Mestrado em Design no CESAR e na UFPE desde 2009. Em 2016, Tiago começou uma das primeiras especializações em IoT do país, na CESAR.School, sendo o coordenador responsável por definir toda a parte pedagógica, disciplinas e conteúdos do curso. Tiago possui mestrado em Ciência da Computação (UFPE-2007), B.Sc. em Ciência da Computação (UFPE-2003) e Técnico em Eletrônica (ETFPE-1998), com mais de 24 anos de experiência em desenvolvimento de software, com ênfase em Internet das Coisas, sistemas embarcados de tempo real, arquitetura de software e protocolos de comunicação.",16-09-2022,Centro de Estudos e Sistemas Avançados do Recife,
Mostrips,Software(Computacional),0266043277510432,Tiago Guedes Ferreira Barros,Barros,"BARROS, T.;BARROS, TIAGO;BARROS, T. G. F.;BARROS, TIAGO G. F.",Recife,PE,"Tiago Barros é o Engenheiro Chefe de IoT no CESAR, responsável pela coordenação do Grupo de Pesquisa em IoT e por projetar e implementar a meta-plataforma KNoT Network of Things. Tiago é o representante do CESAR na Comissão Brasileira de Comunicações (CBC 3) da ANATEL que lida com a padronização das telecomunicações no Brasil, sendo responsável por redigir recomendações para a Comissão de Estudos 20 da ITU-T que trata de Internet das Coisas, comunidades e cidades inteligentes. Tiago Barros também é professor convidado do curso de pós-graduação em arquitetura de software para dispositivos móveis da UFPE / CIn / Motorola há mais de 15 anos. Ele também leciona disciplinas de prototipação eletrônica nos cursos de Ciência da Computação e Mestrado em Design no CESAR e na UFPE desde 2009. Em 2016, Tiago começou uma das primeiras especializações em IoT do país, na CESAR.School, sendo o coordenador responsável por definir toda a parte pedagógica, disciplinas e conteúdos do curso. Tiago possui mestrado em Ciência da Computação (UFPE-2007), B.Sc. em Ciência da Computação (UFPE-2003) e Técnico em Eletrônica (ETFPE-1998), com mais de 24 anos de experiência em desenvolvimento de software, com ênfase em Internet das Coisas, sistemas embarcados de tempo real, arquitetura de software e protocolos de comunicação.",16-09-2022,Centro de Estudos e Sistemas Avançados do Recife,
